NOCCourseId,Duration,Duration (int)
noc22-ag04,8 Weeks,8 
noc22-me66,8 Weeks,8 
noc22-ar01,8 Weeks,8 
noc22-ar03,4 Weeks,4 
noc22-bt06,4 Weeks,4 
noc22-bt07,4 Weeks,4 
noc22-bt10,8 Weeks,8 
noc22-bt13,8 Weeks,8 
noc22-bt14,4 Weeks,4 
noc22-bt18,8 Weeks,8 
noc22-bt19,8 Weeks,8 
noc22-bt21,8 Weeks,8 
noc22-ch01,8 Weeks,8 
noc22-ch05,8 Weeks,8 
noc22-ch11,8 Weeks,8 
noc22-ch17,8 Weeks,8 
noc22-ch18,8 Weeks,8 
noc22-ch23,8 Weeks,8 
noc22-ch32,8 Weeks,8 
noc22-cy01,4 Weeks,4 
noc22-cy02,4 Weeks,4 
noc22-cy07,8 Weeks,8 
noc22-cy08,8 Weeks,8 
noc22-cy12,4 Weeks,4 
noc22-cy28,8 Weeks,8 
noc22-cy29,8 Weeks,8 
noc22-cy34,4 Weeks,4 
noc22-ce08,8 Weeks,8 
noc22-ce09,8 Weeks,8 
noc22-ce17,4 Weeks,4 
noc22-ce18,4 Weeks,4 
noc22-ce21,8 Weeks,8 
noc22-ce38,4 Weeks,4 
noc22-ce42,8 Weeks,8 
noc22-ce43,8 Weeks,8 
noc22-ce49,4 Weeks,4 
noc22-cs06,8 Weeks,8 
noc22-cs12,4 Weeks,4 
noc22-cs16,8 Weeks,8 
noc22-cs18,8 Weeks,8 
noc22-cs21,4 Weeks + 4 Weeks(New),8
noc22-cs23,8 Weeks,8 
noc22-cs26,8 Weeks,8 
noc22-cs27,8 Weeks,8 
noc22-cs28,8 Weeks,8 
noc22-cs32,4 Weeks,4 
noc22-cs38,8 Weeks,8 
noc22-cs51,8 Weeks,8 
noc22-cs54,8 Weeks,8 
noc22-cs58,4 Weeks,4 
noc22-de07,8 Weeks,8 
noc22-ce48,8 Weeks,8 
noc22-hs67,8 Weeks,8 
noc22-ee08,8 Weeks,8 
noc22-ee14,8 Weeks,8 
noc22-ee15,8 Weeks,8 
noc22-ee23,4 Weeks,4 
noc22-ee24,8 Weeks,8 
noc22-ee25,8 Weeks,8 
noc22-ee28,8 Weeks,8 
noc22-ee29,4 Weeks,4 
noc22-ee30,8 Weeks,8 
noc22-ee36,4 Weeks,4 
noc22-ee39,8 Weeks,8 
noc22-ee46,8 Weeks,8 
noc22-ee49,8 Weeks,8 
noc22-ee52,8 Weeks,8 
noc22-ee65,8 Weeks,8 
noc22-hs03,8 Weeks,8 
noc22-hs04,4 Weeks,4 
noc22-hs05,4 Weeks,4 
noc22-hs07,8 Weeks,8 
noc22-hs10,4 Weeks,4 
noc22-hs11,8 Weeks,8 
noc22-hs13,8 Weeks,8 
noc22-hs16,8 Weeks,8 
noc22-hs17,4 Weeks,4 
noc22-hs20,8 Weeks,8 
noc22-hs22,8 Weeks,8 
noc22-hs25,8 Weeks,8 
noc22-hs28,8 Weeks,8 
noc22-hs33,8 Weeks,8 
noc22-hs44,8 Weeks,8 
noc22-hs45,8 Weeks,8 
noc22-hs50,4 Weeks,4 
noc22-hs60,8 Weeks,8 
noc22-hs64,8 Weeks,8 
noc22-hs69,8 Weeks,8 
noc22-mg36,4 Weeks,4 
noc22-mg04,4 Weeks,4 
noc22-mg06,8 Weeks,8 
noc22-mg14,8 Weeks,8 
noc22-mg18,8 Weeks,8 
noc22-mg19,8 Weeks,8 
noc22-mg20,8 Weeks,8 
noc22-mg29,8 Weeks,8 
noc22-mg31,4 Weeks,4 
noc22-mg41,8 Weeks,8 
noc22-mg43,8 Weeks,8 
noc22-mg44,4 Weeks,4 
noc22-mg47,8 Weeks,8 
noc22-mg51,8 Weeks,8 
noc22-mg52,8 Weeks,8 
noc22-mg56,4 Weeks,4 
noc22-ma07,8 Weeks,8 
noc22-ma10,8 Weeks,8 
noc22-ma11,8 Weeks,8 
noc22-ma12,8 Weeks,8 
noc22-ma16,8 Weeks,8 
noc22-ma21,4 Weeks,4 
noc22-ma28,8 Weeks,8 
noc22-ma29,8 Weeks,8 
noc22-ma26,8 Weeks,8 
noc22-me01,8 Weeks,8 
noc22-me05,8 Weeks,8 
noc22-me08,8 Weeks,8 
noc22-me12,8 Weeks,8 
noc22-me13,8 Weeks,8 
noc22-me18,8 Weeks,8 
noc22-me19,8 Weeks,8 
noc22-me20,8 Weeks,8 
noc22-me21,8 Weeks,8 
noc22-me22,8 Weeks,8 
noc22-me24,4 Weeks,4 
noc22-me25,8 Weeks,8 
noc22-me33,8 Weeks,8 
noc22-me38,8 Weeks,8 
noc22-me42,8 Weeks,8 
noc22-me45,8 Weeks,8 
noc22-me47,8 Weeks,8 
noc22-me50,4 Weeks,4 
noc22-me54,8 Weeks,8 
noc22-me57,8 Weeks,8 
noc22-me58,8 Weeks,8 
noc22-me61,8 Weeks,8 
noc22-me64,4 Weeks,4 
noc22-me69,8 Weeks,8 
noc22-mm05,8 Weeks,8 
noc22-mm08,8 Weeks,8 
noc22-mm11,8 Weeks,8 
noc22-mm13,8 Weeks,8 
noc22-mm16,4 Weeks,4 
noc22-mm17,8 Weeks,8 
noc22-mm21,8 Weeks,8 
noc22-ge02,4 Weeks,4 
noc22-ge05,4 Weeks,4 
noc22-ge16,8 Weeks,8 
noc22-ge07,4 weeks,4 
noc22-ph01,4 Weeks,4 
noc22-ph08,4 Weeks,4 
noc22-ph09,8 Weeks,8 
noc22-te04,8 Weeks,8 
noc22-ce07,12 Weeks,12
noc22-cs22,12 Weeks,12
noc22-mm02,8 Weeks,8 
noc22-cs03,12 Weeks,12
noc22-ee03,12 Weeks,12
noc22-hs43,12 Weeks,12
noc22-ma04,8 Weeks,8 
noc22-ee47,12 Weeks,12
noc22-hs39,8 Weeks,8 
noc22-ma20,4 Weeks,4 
noc22-me04,12 Weeks,12
noc22-ph10,12 Weeks,12
noc22-ch37,12 Weeks,12
noc22-me40,12 Weeks,12
noc22-mg02,12 Weeks,12
noc22-mm04,12 Weeks,12
noc22-ce39,8 Weeks,8 
noc22-ae03,12 Weeks,12
noc22-cs30,12 Weeks,12
noc22-ee02,12 Weeks,12
noc22-ee67,12 Weeks,12
noc22-hs54,12 Weeks,12
noc22-me35,12 Weeks,12
noc22-ge15,8 Weeks,8 
noc22-ae08,12 Weeks,12
noc22-ae09,12 Weeks,12
noc22-ag02,12 Weeks,12
noc22-ag03,12 Weeks,12
noc22-ag05,12 Weeks,12
noc22-bt29,8 Weeks,8 
noc22-ch35,12 Weeks,12
noc22-cy06,12 Weeks,12
noc22-cy13,12 Weeks,12
noc22-cy20,12 Weeks,12
noc22-ce01,12 Weeks,12
noc22-ce06,12 Weeks,12
noc22-ce20,12 Weeks,12
noc22-ce29,12 Weeks,12
noc22-ce32,12 Weeks,12
noc22-ce34,12 Weeks,12
noc22-ce36,12 Weeks,12
noc22-ce37,12 Weeks,12
noc22-ce41,12 Weeks,12
noc22-cs01,4 Weeks,4 
noc22-cs09,12 Weeks,12
noc22-cs11,8 Weeks,8 
noc22-cs13,12 Weeks,12
noc22-cs14,12 Weeks,12
noc22-cs19,12 Weeks,12
noc22-cs20,8 Weeks + 4 Weeks(New),12
noc22-cs43,12 Weeks,12
noc22-cs44,12 Weeks,12
noc22-cs45,12 Weeks,12
noc22-cs46,12 Weeks,12
noc22-cs47,12 Weeks,12
noc22-cs48,12 Weeks,12
noc22-cs49,12 Weeks,12
noc22-cs50,12 Weeks,12
noc22-cs52,12 Weeks,12
noc22-cs53,12 Weeks,12
noc22-cs55,12 Weeks,12
noc22-ee06,12 Weeks,12
noc22-ee07,12 Weeks,12
noc22-ee11,12 Weeks,12
noc22-ee12,12 Weeks,12
noc22-ee17,12 Weeks,12
noc22-ee18,12 Weeks,12
noc22-ee19,12 Weeks,12
noc22-ee54,12 Weeks,12
noc22-ee55,12 Weeks,12
noc22-ee56,8 Weeks,8 
noc22-ee57,8 Weeks,8 
noc22-ee59,12 Weeks,12
noc22-ee61,12 Weeks,12
noc22-ee62,12 Weeks,12
noc22-ee63,8 Weeks,8 
noc22-ee64,4 Weeks,4 
noc22-hs61,12 Weeks,12
noc22-hs62,12 Weeks,12
noc22-hs63,12 Weeks,12
noc22-mg11,12 Weeks,12
noc22-mg16,12 Weeks,12
noc22-mg23,12 Weeks,12
noc22-mg24,12 Weeks,12
noc22-mg26,12 Weeks,12
noc22-mg27,12 Weeks,12
noc22-mg45,12 Weeks,12
noc22-mg46,8 Weeks,8 
noc22-mg48,12 Weeks,12
noc22-mg50,8 Weeks,8 
noc22-mg53,8 Weeks,8 
noc22-mg54,8 Weeks,8 
noc22-mg55,12 Weeks,12
noc22-ma08,12 Weeks,12
noc22-ma09,12 Weeks,12
noc22-ma32,12 Weeks,12
noc22-me14,12 Weeks,12
noc22-me31,12 Weeks,12
noc22-me43,12 Weeks,12
noc22-me59,12 Weeks,12
noc22-me60,12 Weeks,12
noc22-me62,8 Weeks,8 
noc22-me63,12 Weeks,12
noc22-mm19,12 Weeks,12
noc22-mm20,12 Weeks,12
noc22-mm23,4 Weeks,4 
noc22-mm24,12 Weeks,12
noc22-ge03,12 Weeks,12
noc22-ge04,8 Weeks,8 
noc22-ge06,12 Weeks,12
noc22-ge12,12 Weeks,12
noc22-ge13,4 Weeks,4 
noc22-ph03,12 Weeks,12
noc22-ph05,12 Weeks,12
noc22-ph21,12 Weeks,12
noc22-ag01,12 Weeks,12
noc22-bt09,12 Weeks,12
noc22-ch06,12 Weeks,12
noc22-ch08,4 Weeks,4 
noc22-ch15,12 Weeks,12
noc22-ch22,8 Weeks + 4 Weeks(New),12
noc22-cy30,12 Weeks,12
noc22-cy31,8 Weeks,8 
noc22-cy32,12 Weeks,12
noc22-ce30,12 Weeks,12
noc22-ce31,12 Weeks,12
noc22-ce35,12 Weeks,12
noc22-ee20,12 Weeks,12
noc22-ee58,12 Weeks,12
noc22-hs49,8 Weeks,8 
noc22-mg12,12 Weeks,12
noc22-mg17,12 Weeks,12
noc22-ma03,12 Weeks,12
noc22-ma33,12 Weeks,12
noc22-me26,12 Weeks,12
noc22-mm18,8 Weeks,8 
noc22-ph04,12 Weeks,12
noc22-ph20,12 Weeks,12
noc22-ae05,12 Weeks,12
noc22-bt05,12 Weeks,12
noc22-ch07,12 Weeks,12
noc22-ee26,8 Weeks,8 
noc22-ee51,12 Weeks,12
noc22-ma06,12 Weeks,12
noc22-me27,8 Weeks,8 
noc22-me39,12 Weeks,12
noc22-cy33,12 Weeks,12
noc22-cs04,12 Weeks,12
noc22-ee13,12 Weeks,12
noc22-ee27,12 Weeks,12
noc22-ee50,12 Weeks,12
noc22-me34,12 Weeks,12
noc22-ge01,12 Weeks,12
noc22-ph14,12 Weeks,12
noc22-ee66,12 weeks,12
noc22-ae06,8 Weeks,8 
noc22-ae07,12 Weeks,12
noc22-bt01,12 Weeks,12
noc22-ch09,12 Weeks,12
noc22-cy11,12 Weeks,12
noc22-ce03,12 Weeks,12
noc22-ce23,12 Weeks,12
noc22-ce24,12 Weeks,12
noc22-ce44,12 Weeks,12
noc22-ce45,12 Weeks,12
noc22-cs39,4 Weeks,4 
noc22-cs42,12 Weeks,12
noc22-de01,4 Weeks,4 
noc22-de04,4 Weeks,4 
noc22-de05,8 Weeks,8 
noc22-ee22,12 Weeks,12
noc22-hs35,12 Weeks,12
noc22-mg40,8 Weeks,8 
noc22-ma25,12 Weeks,12
noc22-me44,12 Weeks,12
noc22-ph06,12 Weeks,12
noc22-de08,12 Weeks,12
noc22-bt08,8 Weeks,8 
noc22-bt11,12 Weeks,12
noc22-cy04,12 Weeks,12
noc22-cy05,12 Weeks,12
noc22-cy09,12 Weeks,12
noc22-cy10,12 Weeks,12
noc22-cy27,12 Weeks,12
noc22-mg21,12 Weeks,12
noc22-ma05,12 Weeks,12
noc22-mm07,12 Weeks,12
noc22-ph02,12 Weeks,12
noc22-ph07,12 Weeks,12
noc22-ar02,4 Weeks,4 
noc22-ar04,4 Weeks,4 
noc22-ar05,8 Weeks,8 
noc22-ar06,8 Weeks,8 
noc22-ar07,12 Weeks,12
noc22-bt27,4 Weeks,4 
noc22-bt28,12 Weeks,12
noc22-ch24,12 Weeks,12
noc22-ch25,12 Weeks,12
noc22-ch31,4 Weeks,4 
noc22-ch34,12 Weeks,12
noc22-ce04,12 Weeks,12
noc22-ce05,8 Weeks,8 
noc22-ce10,12 Weeks,12
noc22-ce15,12 Weeks,12
noc22-ce16,12 Weeks,12
noc22-ce22,12 Weeks,12
noc22-ce26,12 Weeks,12
noc22-ce27,12 Weeks,12
noc22-ce28,12 Weeks,12
noc22-cs08,12 Weeks,12
noc22-hs09,12 Weeks,12
noc22-hs21,12 Weeks,12
noc22-hs40,8 Weeks,8 
noc22-hs51,12 Weeks,12
noc22-hs58,8 Weeks,8 
noc22-mg07,12 Weeks,12
noc22-mg08,12 Weeks,12
noc22-mg09,12 Weeks,12
noc22-mg15,12 Weeks,12
noc22-mg22,12 Weeks,12
noc22-mg25,12 Weeks,12
noc22-mg28,8 Weeks,8 
noc22-mg35,12 Weeks,12
noc22-mg38,12 Weeks,12
noc22-mg39,12 Weeks,12
noc22-mg42,12 Weeks,12
noc22-mg49,12 Weeks,12
noc22-ma02,12 Weeks,12
noc22-me03,12 Weeks,12
noc22-me07,8 Weeks,8 
noc22-me23,4 Weeks,4 
noc22-me53,4 Weeks,4 
noc22-me55,12 Weeks,12
noc22-me56,8 Weeks,8 
noc22-mm22,12 Weeks,12
noc22-ph13,12 Weeks,12
noc22-ph18,8 Weeks,8 
noc22-ma18,12 Weeks,12
noc22-ch29,12 Weeks,12
noc22-mg10,4 Weeks,4 
noc22-ch30,12 Weeks,12
noc22-bt17,12 Weeks,12
noc22-bt20,8 Weeks,8 
noc22-ce19,12 Weeks,12
noc22-ce25,12 Weeks,12
noc22-ch02,12 Weeks,12
noc22-ch03,12 Weeks,12
noc22-ch04,12 Weeks,12
noc22-ch13,12 Weeks,12
noc22-ch14,12 Weeks,12
noc22-ch27,12 Weeks,12
noc22-ch28,12 Weeks,12
noc22-cs10,8 Weeks,8 
noc22-cy03,12 Weeks,12
noc22-de03,12 Weeks,12
noc22-ee09,12 Weeks,12
noc22-ee35,12 Weeks,12
noc22-ee48,12 Weeks,12
noc22-ee60,12 Weeks,12
noc22-ge11,12 Weeks,12
noc22-hs12,8 Weeks,8 
noc22-hs14,12 Weeks,12
noc22-hs15,12 Weeks,12
noc22-hs18,8 Weeks,8 
noc22-hs19,12 Weeks,12
noc22-hs23,12 Weeks,12
noc22-hs41,8 Weeks,8 
noc22-hs46,12 Weeks,12
noc22-ma17,12 Weeks,12
noc22-me02,12 Weeks,12
noc22-me15,12 Weeks,12
noc22-me30,12 Weeks,12
noc22-me46,12 Weeks,12
noc22-me48,12 Weeks,12
noc22-me49,12 Weeks,12
noc22-me65,12 Weeks,12
noc22-mm15,8 Weeks,8 
noc22-ph15,12 Weeks,12
noc22-ae01,12 Weeks,12
noc22-ae04,8 Weeks,8 
noc22-bt24,12 Weeks,12
noc22-bt25,8 Weeks,8 
noc22-bt31,12 Weeks,12
noc22-ce02,12 Weeks,12
noc22-ce46,12 Weeks,12
noc22-cs17,8 Weeks,8 
noc22-cs40,8 Weeks,8 
noc22-cs60,12 Weeks,12
noc22-ee40,8 Weeks,8 
noc22-ee04,12 Weeks,12
noc22-ee05,12 Weeks,12
noc22-ee21,12 Weeks,12
noc22-hs08,8 Weeks,8 
noc22-hs42,12 Weeks,12
noc22-hs47,8 Weeks,8 
noc22-hs48,8 Weeks,8 
noc22-hs68,12 Weeks,12
noc22-mg03,12 Weeks,12
noc22-mg05,8 Weeks,8 
noc22-mg13,12 Weeks,12
noc22-ma34,12 Weeks,12
noc22-ma35,12 Weeks,12
noc22-me09,12 Weeks,12
noc22-me10,12 Weeks,12
noc22-me11,12 Weeks,12
noc22-me16,8 Weeks,8 
noc22-me28,12 Weeks,12
noc22-me29,8 Weeks,8 
noc22-me41,8 Weeks,8 
noc22-me51,12 Weeks,12
noc22-me52,12 Weeks,12
noc22-mm06,8 Weeks,8 
noc22-mm09,12 Weeks,12
noc22-mm10,8 Weeks,8 
noc22-ch26,12 Weeks,12
noc22-cs15,12 Weeks,12
noc22-cs56,12 Weeks,12
noc22-ee10,12 Weeks,12
noc22-ee16,12 Weeks,12
noc22-ma30,12 Weeks,12
noc22-ma31,12 Weeks,12
noc22-ph19,12 Weeks,12
noc22-te06,12 Weeks,12
noc22-ce50,12 Weeks,12
noc22-me68,12 Weeks,12
noc22-cs41,12 Weeks,12
noc22-te01,12 Weeks,12
noc22-te02,8 Weeks,8 
noc22-te03,12 Weeks,12
noc22-te05,12 Weeks,12
noc22-me67,12 Weeks,12
noc22-bt03,12 Weeks,12
noc22-bt04,12 Weeks,12
noc22-bt12,12 Weeks,12
noc22-bt15,8 Weeks,8 
noc22-bt16,12 Weeks,12
noc22-bt22,12 Weeks,12
noc22-ch16,12 Weeks,12
noc22-ch19,12 Weeks,12
noc22-ch20,12 Weeks,12
noc22-ch21,12 Weeks,12
noc22-ch33,12 Weeks,12
noc22-cy14,12 Weeks,12
noc22-cy16,12 Weeks,12
noc22-cy18,12 Weeks,12
noc22-cy19,12 Weeks,12
noc22-cy21,12 Weeks,12
noc22-cy23,12 Weeks,12
noc22-cy24,12 Weeks,12
noc22-cy25,8 Weeks,8 
noc22-cy36,12 Weeks,12
noc22-ce11,12 Weeks,12
noc22-ce12,12 Weeks,12
noc22-ce13,12 Weeks,12
noc22-ce14,12 Weeks,12
noc22-ce40,12 Weeks,12
noc22-ce47,12 Weeks,12
noc22-cs02,12 Weeks,12
noc22-cs24,8 Weeks,8 
noc22-cs25,12 Weeks,12
noc22-cs29,12 Weeks,12
noc22-cs31,12 Weeks,12
noc22-cs33,12 Weeks,12
noc22-cs34,12 Weeks,12
noc22-cs35,12 Weeks,12
noc22-cs36,4 Weeks,4 
noc22-cs37,12 Weeks,12
noc22-cs57,12 Weeks,12
noc22-cs59,12 Weeks,12
noc22-de02,12 Weeks,12
noc22-de06,12 Weeks,12
noc22-hs66,12 Weeks,12
noc22-ee31,12 Weeks,12
noc22-ee32,12 Weeks,12
noc22-ee34,12 Weeks,12
noc22-ee37,12 Weeks,12
noc22-ee38,12 Weeks,12
noc22-ee01,12 Weeks,12
noc22-ee41,12 Weeks,12
noc22-ee42,12 Weeks,12
noc22-ee43,12 Weeks,12
noc22-ee44,12 Weeks,12
noc22-ee45,12 Weeks,12
noc22-hs06,12 Weeks,12
noc22-hs24,12 Weeks,12
noc22-hs26,12 Weeks,12
noc22-hs27,12 Weeks,12
noc22-hs29,12 Weeks,12
noc22-hs30,12 Weeks,12
noc22-hs31,12 Weeks,12
noc22-hs34,8 Weeks,8 
noc22-hs01,12 Weeks,12
noc22-hs37,8 Weeks,8 
noc22-hs38,12 Weeks,12
noc22-hs32,12 weeks,12
noc22-hs52,12 Weeks,12
noc22-hs53,12 Weeks,12
noc22-hs55,12 Weeks,12
noc22-hs56,12 Weeks,12
noc22-hs57,8 Weeks,8 
noc22-hs59,12 Weeks,12
noc22-mg30,8 Weeks,8 
noc22-mg32,4 Weeks,4 
noc22-mg34,12 Weeks,12
noc22-mg01,12 Weeks,12
noc22-mg37,12 Weeks,12
noc22-ma13,12 Weeks,12
noc22-ma14,12 Weeks,12
noc22-ma15,12 Weeks,12
noc22-ma01,12 Weeks,12
noc22-ma19,12 Weeks,12
noc22-ma22,12 Weeks,12
noc22-ma23,12 Weeks,12
noc22-ma24,8 Weeks + 4 Weeks(New),12
noc22-ma27,12 Weeks,12
noc22-ma36,12 Weeks,12
noc22-ma37,8 Weeks,8 
noc22-me36,12 Weeks,12
noc22-me37,12 Weeks,12
noc22-mm01,12 Weeks,12
noc22-mm03,12 Weeks,12
noc22-mm12,12 Weeks,12
noc22-mm14,12 Weeks,12
noc22-ge08,12 Weeks,12
noc22-ge09,8 Weeks,8 
noc22-ge10,12 Weeks,12
noc22-ge14,12 Weeks,12
noc22-oe01,12 Weeks,12
noc22-ph12,8 Weeks,8 
noc22-ph16,12 Weeks,12
noc22-ph17,12 Weeks,12
noc22-ph22,12 Weeks,12
noc22-ee33,8 Weeks,8 
noc22-ae02,4 Weeks,4 
noc22-bt26,4 Weeks,4 
noc22-hs36,4 Weeks,4 
noc22-hs02,4 Weeks,4 
noc22-me17,4 Weeks,4 
noc22-me32,12 Weeks,12
noc22-ee53,4 Weeks,4 
noc22-ae11,8 Weeks,8 
noc22-ae15,8 Weeks,8 
noc22-ae16,8 Weeks,8 
noc22-ae19,8 Weeks,8 
noc22-ag09,8 Weeks,8 
noc22-ar08,8 Weeks,8 
noc22-ar09,8 Weeks,8 
noc22-ar11,8 Weeks,8 
noc22-ar14,8 Weeks,8 
noc22-bt32,8 Weeks,8 
noc22-bt37,8 Weeks,8 
noc22-bt38,8 Weeks,8 
noc22-bt43,8 Weeks,8 
noc22-bt44,8 Weeks,8 
noc22-bt47,8 Weeks,8 
noc22-bt49,4 Weeks,4 
noc22-bt50,8 Weeks,8 
noc22-bt61,8 Weeks,8 
noc22-ch38,8 Weeks,8 
noc22-ch41,8 Weeks,8 
noc22-ch42,8 Weeks,8 
noc22-ch49,8 weeks,8 
noc22-ch57,8 weeks,8 
noc22-ch63,4 Weeks,4 
noc22-ch64,4 Weeks,4 
noc22-cy37,4 weeks,4 
noc22-cy38,8 Weeks,8 
noc22-cy42,8 Weeks,8 
noc22-cy45,8 Weeks,8 
noc22-cy53,8 Weeks,8 
noc22-cy57,8 Weeks,8 
noc22-cy63,8 Weeks,8 
noc22-cy64,8 Weeks,8 
noc22-ce101,4 weeks,4 
noc22-ce51,4 weeks,4 
noc22-ce52,8 Weeks,8 
noc22-ce53,4 weeks,4 
noc22-ce56,8 Weeks,8 
noc22-ce59,8 Weeks,8 
noc22-ce60,4 weeks,4 
noc22-ce71,8 Weeks,8 
noc22-ce73,4 Weeks,4 
noc22-ce79,8 weeks,8 
noc22-ce81,8 weeks,8 
noc22-ce84,8 weeks,8 
noc22-ce86,8 Weeks,8 
noc22-cs63,8 Weeks,8 
noc22-cs66,8 Weeks,8 
noc22-cs68,4 Weeks,4 
noc22-cs69,8 Weeks,8 
noc22-cs70,8 Weeks,8 
noc22-cs71,8 Weeks,8 
noc22-cs72,8 Weeks,8 
noc22-cs74,4 Weeks,4 
noc22-cs78,8 Weeks,8 
noc22-cs79,4 Weeks,4 
noc22-cs84,4 Week(rerun) + 4 Week (New),8
noc22-cs93,8 Weeks,8 
noc22-cs94,8 Weeks,8 
noc22-cs97,8 Weeks,8 
noc22-cs99,8 Weeks,8 
noc22-cs105,8 Weeks,8 
noc22-cs108,8 Weeks,8 
noc22-cs110,8 weeks,8 
noc22-cs111,8 weeks,8 
noc22-cs112,4 weeks,4 
noc22-cs119,8 Weeks,8 
noc22-de13,4 weeks,4 
noc22-de14,4 weeks,4 
noc22-de15,4 weeks,4 
noc22-de16,8 Weeks,8 
noc22-ce97,4 weeks,4 
noc22-ee73,8 Weeks,8 
noc22-ee78,4 weeks,4 
noc22-ee79,8 Weeks,8 
noc22-ee81,8 Weeks,8 
noc22-ee82,8 Weeks,8 
noc22-ee94,8 Weeks,8 
noc22-ee95,8 Weeks,8 
noc22-ee98,8 Weeks,8 
noc22-ee104,8 Weeks,8 
noc22-ee108,8 Weeks,8 
noc22-ee117,8 Weeks,8 
noc22-ee125,8 Weeks,8 
noc22-ee126,8 Weeks,8 
noc22-ee127,8 Weeks,8 
noc22-ge17,4 weeks,4 
noc22-ge18,8 Weeks,8 
noc22-hs73,8 Weeks,8 
noc22-hs74,4 weeks,4 
noc22-hs77,8 Weeks,8 
noc22-hs79,8 Weeks,8 
noc22-hs80,4 weeks,4 
noc22-hs82,4 weeks,4 
noc22-hs83,4 weeks,4 
noc22-hs86,8 Weeks,8 
noc22-hs90,4 Weeks,4 
noc22-hs94,8 Weeks,8 
noc22-hs97,8 Weeks,8 
noc22-hs103,8 Weeks,8 
noc22-hs104,4 Weeks,4 
noc22-hs109,8 Weeks,8 
noc22-hs110,8 Weeks,8 
noc22-hs111,8 Weeks,8 
noc22-hs112,4 Weeks,4 
noc22-hs115,8 Weeks,8 
noc22-hs116,8 Weeks,8 
noc22-hs124,8 weeks,8 
noc22-hs129,4 Weeks,4 
noc22-hs130,4 Weeks,4 
noc22-hs131,8 Weeks,8 
noc22-hs137,4 Weeks,4 
noc22-lw03,8 Weeks,8 
noc22-lw04,4 Weeks,4 
noc22-mg58,8 Weeks,8 
noc22-mg60,8 Weeks,8 
noc22-mg63,8 Weeks,8 
noc22-mg64,4 weeks,4 
noc22-mg67,4 weeks,4 
noc22-mg68,8 Weeks,8 
noc22-mg76,8 Weeks,8 
noc22-mg77,8 Weeks,8 
noc22-mg79,8 Weeks,8 
noc22-mg84,8 Weeks,8 
noc22-mg91,8 Weeks,8 
noc22-mg92,8 Weeks,8 
noc22-mg99,8 Weeks,8 
noc22-mg106,8 Weeks,8 
noc22-mg109,8 Weeks,8 
noc22-ma39,8 Weeks,8 
noc22-ma44,8 Weeks,8 
noc22-ma48,8 Weeks,8 
noc22-ma49,8 Weeks,8 
noc22-ma50,8 Weeks,8 
noc22-ma53,8 Weeks,8 
noc22-ma54,8 Weeks,8 
noc22-ma60,4 Weeks,4 
noc22-ma62,4 Weeks,4 
noc22-ma65,8 Weeks,8 
noc22-ma74,8 Weeks,8 
noc22-ma78,8 Weeks,8 
noc22-ma80,4 Weeks,4 
noc22-me72,8 Weeks,8 
noc22-me73,8 Weeks,8 
noc22-me76,8 Weeks,8 
noc22-me77,4 weeks,4 
noc22-me78,4 weeks,4 
noc22-me79,4 weeks,4 
noc22-me81,8 Weeks,8 
noc22-me85,8 Weeks,8 
noc22-me86,8 Weeks,8 
noc22-me93,8 Weeks,8 
noc22-me100,4 Weeks,4 
noc22-me107,4 Weeks,4 
noc22-me109,8 Weeks,8 
noc22-me118,8 weeks,8 
noc22-me121,8 Weeks,8 
noc22-me131,4 weeks,4 
noc22-me132,4 weeks,4 
noc22-me134,4 weeks,4 
noc22-me135,8 Weeks,8 
noc22-me136,8 Weeks,8 
noc22-mm26,8 Weeks,8 
noc22-mm27,8 Weeks,8 
noc22-mm28,4 Weeks,4 
noc22-mm29,4 weeks,4 
noc22-mm33,8 Weeks,8 
noc22-mm45,8 Weeks,8 
noc22-ge19,4 weeks,4 
noc22-ge24,8 Weeks,8 
noc22-ge25,8 Weeks,8 
noc22-oe05,8 Weeks,8 
noc22-ph25,8 Weeks,8 
noc22-ph31,8 Weeks,8 
noc22-ph40,8 weeks,8 
noc22-ph42,8 weeks,8 
noc22-mg112,8 Weeks,8 
noc22-ar18,8 Weeks,8 
noc22-ae10,12 Weeks,12
noc22-ae12,12 Weeks,12
noc22-ae13,12 Weeks,12
noc22-ae14,12 Weeks,12
noc22-ae17,12 Weeks,12
noc22-ae18,12 Weeks,12
noc22-ae20,12 Weeks,12
noc22-ae21,12 Weeks,12
noc22-ag06,12 Weeks,12
noc22-ag07,12 Weeks,12
noc22-ag08,12 Weeks,12
noc22-ag10,12 Weeks,12
noc22-ag11,12 Weeks,12
noc22-ag12,12 Weeks,12
noc22-ag13,12 Weeks,12
noc22-ag14,12 Weeks,12
noc22-ar10,12 Weeks,12
noc22-ar12,12 Weeks,12
noc22-ar13,8 Weeks,8 
noc22-ar15,12 Weeks,12
noc22-ar16,12 Weeks,12
noc22-ar17,4 Weeks,4 
noc22-bt33,8 Weeks,8 
noc22-bt34,12 Weeks,12
noc22-bt35,12 Weeks,12
noc22-bt36,12 Weeks,12
noc22-bt39,12 Weeks,12
noc22-bt40,12 Weeks,12
noc22-bt41,12 Weeks,12
noc22-bt42,4 weeks,4 
noc22-bt45,12 Weeks,12
noc22-bt46,4 weeks,4 
noc22-bt48,12 Weeks,12
noc22-bt51,12 Weeks,12
noc22-bt52,12 Weeks,12
noc22-bt54,12 Weeks,12
noc22-bt55,12 Weeks,12
noc22-bt56,12 Weeks,12
noc22-bt57,12 Weeks,12
noc22-bt58,4 weeks,4 
noc22-bt59,12 Weeks,12
noc22-bt60,12 Weeks,12
noc22-bt62,12 Weeks,12
noc22-bt63,12 Weeks,12
noc22-bt64,8 Weeks,8 
noc22-ch39,12 Weeks,12
noc22-ch40,12 Weeks,12
noc22-ch43,12 Weeks,12
noc22-ch44,12 Weeks,12
noc22-ch45,12 Weeks,12
noc22-ch47,12 Weeks,12
noc22-ch48,12 Weeks,12
noc22-ch50,12 Weeks,12
noc22-ch51,12 Weeks,12
noc22-ch52,12 Weeks,12
noc22-ch53,12 Weeks,12
noc22-ch54,12 Weeks,12
noc22-ch55,12 Weeks,12
noc22-ch56,12 Weeks,12
noc22-ch58,12 Weeks,12
noc22-ch59,12 Weeks,12
noc22-ch60,12 Weeks,12
noc22-ch61,12 Weeks,12
noc22-ch62,12 Weeks,12
noc22-ch65,12 Weeks,12
noc22-cy39,12 Weeks,12
noc22-cy40,12 Weeks,12
noc22-cy41,12 Weeks,12
noc22-cy43,12 Weeks,12
noc22-cy44,12 Weeks,12
noc22-cy46,8 Weeks,8 
noc22-cy48,12 Weeks,12
noc22-cy49,12 Weeks,12
noc22-cy50,12 Weeks,12
noc22-cy51,12 Weeks,12
noc22-cy52,12 Weeks,12
noc22-cy54,12 Weeks,12
noc22-cy55,12 Weeks,12
noc22-cy56,12 Weeks,12
noc22-cy58,12 Weeks,12
noc22-cy59,12 Weeks,12
noc22-cy60,12 Weeks,12
noc22-cy61,12 Weeks,12
noc22-cy62,12 Weeks,12
noc22-oe02,12 Weeks,12
noc22-ce102,12 Weeks,12
noc22-ce54,12 Weeks,12
noc22-ce55,12 Weeks,12
noc22-ce57,4 weeks,4 
noc22-ce58,12 Weeks,12
noc22-ce61,12 Weeks,12
noc22-ce62,12 Weeks,12
noc22-ce63,12 Weeks,12
noc22-ce64,12 Weeks,12
noc22-ce65,12 Weeks,12
noc22-ce66,12 Weeks,12
noc22-ce67,12 Weeks,12
noc22-ce68,12 Weeks,12
noc22-ce69,12 Weeks,12
noc22-ce70,12 Weeks,12
noc22-ce72,8 Weeks,8 
noc22-ce74,12 Weeks,12
noc22-ce75,12 Weeks,12
noc22-ce76,12 Weeks,12
noc22-ce77,12 Weeks,12
noc22-ce78,12 Weeks,12
noc22-ce80,12 Weeks,12
noc22-ce82,12 Weeks,12
noc22-ce83,12 Weeks,12
noc22-ce85,12 Weeks,12
noc22-ce87,12 Weeks,12
noc22-ce90,12 Weeks,12
noc22-ce91,12 Weeks,12
noc22-ce92,12 Weeks,12
noc22-ce93,12 Weeks,12
noc22-ce94,12 Weeks,12
noc22-ce95,12 Weeks,12
noc22-ce96,12 Weeks,12
noc22-ce103,12 Weeks,12
noc22-cs61,12 Weeks,12
noc22-cs62,12 Weeks,12
noc22-cs64,8 Weeks,8 
noc22-cs65,8 Weeks,8 
noc22-cs67,12 Weeks,12
noc22-cs73,12 Weeks,12
noc22-cs75,12 Weeks,12
noc22-cs76,12 Weeks,12
noc22-cs77,12 Weeks,12
noc22-cs80,12 Weeks,12
noc22-cs81,12 Weeks,12
noc22-cs82,12 Weeks,12
noc22-cs83,12 Weeks,12
noc22-cs85,12 Weeks,12
noc22-cs87,12 Weeks,12
noc22-cs88,12 Weeks,12
noc22-cs89,12 Weeks,12
noc22-cs90,12 Weeks,12
noc22-cs91,8 Weeks,8 
noc22-cs92,12 Weeks,12
noc22-cs95,12 Weeks,12
noc22-cs96,12 Weeks,12
noc22-cs98,12 Weeks,12
noc22-cs100,12 Weeks,12
noc22-cs101,12 Weeks,12
noc22-cs102,12 Weeks,12
noc22-cs103,12 Weeks,12
noc22-cs104,12 Weeks,12
noc22-cs106,12 Weeks,12
noc22-cs107,12 Weeks,12
noc22-cs109,12 Weeks,12
noc22-cs113,12 Weeks,12
noc22-cs114,4 weeks,4 
noc22-cs116,12 Weeks,12
noc22-cs117,12 Weeks,12
noc22-cs120,12 Weeks,12
noc22-cs121,12 Weeks,12
noc22-cs122,12 Weeks,12
noc22-cs123,12 Weeks,12
noc22-cs124,12 Weeks,12
noc22-cs125,12 Weeks,12
noc22-cs126,12 Weeks,12
noc22-de09,12 Weeks,12
noc22-de10,12 Weeks,12
noc22-de11,12 Weeks,12
noc22-de12,12 Weeks,12
noc22-ce98,12 Weeks,12
noc22-ce99,12 Weeks,12
noc22-ce100,4 Weeks,4 
noc22-hs70,12 Weeks,12
noc22-hs71,12 Weeks,12
noc22-hs72,12 weeks,12
noc22-hs140,12 Weeks,12
noc22-ee68,12 Weeks,12
noc22-ee69,12 Weeks,12
noc22-ee71,12 Weeks,12
noc22-ee72,12 Weeks,12
noc22-ee74,12 Weeks,12
noc22-ee75,12 Weeks,12
noc22-ee76,12 Weeks,12
noc22-ee77,12 Weeks,12
noc22-ee83,12 Weeks,12
noc22-ee84,12 Weeks,12
noc22-ee85,12 Weeks,12
noc22-ee86,12 Weeks,12
noc22-ee87,12 Weeks,12
noc22-ee88,12 Weeks,12
noc22-ee89,12 Weeks,12
noc22-ee90,12 Weeks,12
noc22-ee91,12 Weeks,12
noc22-ee92,12 Weeks,12
noc22-ee93,12 Weeks,12
noc22-ee96,12 Weeks,12
noc22-ee97,12 Weeks,12
noc22-ee99,12 Weeks,12
noc22-ee100,12 Weeks,12
noc22-ee101,12 Weeks,12
noc22-ee102,12 Weeks,12
noc22-ee103,12 Weeks,12
noc22-ee105,12 Weeks,12
noc22-ee106,12 Weeks,12
noc22-ee107,12 Weeks,12
noc22-ee109,12 Weeks,12
noc22-ee110,12 Weeks,12
noc22-ee111,12 Weeks,12
noc22-ee112,12 Weeks,12
noc22-ee113,12 Weeks,12
noc22-ee114,12 Weeks,12
noc22-ee115,12 Weeks,12
noc22-ee116,12 Weeks,12
noc22-ee118,12 Weeks,12
noc22-ee119,12 Weeks,12
noc22-ee120,12 Weeks,12
noc22-ee121,12 Weeks,12
noc22-ee122,12 Weeks,12
noc22-ee123,12 Weeks,12
noc22-ch66,12 Weeks,12
noc22-ee124,12 Weeks,12
noc22-hs75,12 Weeks,12
noc22-hs76,12 Weeks,12
noc22-hs78,4 weeks,4 
noc22-hs81,4 weeks,4 
noc22-hs84,12 Weeks,12
noc22-hs85,12 Weeks,12
noc22-hs87,12 Weeks,12
noc22-hs88,12 Weeks,12
noc22-hs89,12 Weeks,12
noc22-hs91,12 Weeks,12
noc22-hs92,12 Weeks,12
noc22-hs93,12 Weeks,12
noc22-hs95,12 Weeks,12
noc22-hs96,8 Weeks,8 
noc22-hs98,12 Weeks,12
noc22-hs99,12 Weeks,12
noc22-hs100,12 Weeks,12
noc22-hs101,8 Weeks,8 
noc22-hs102,12 Weeks,12
noc22-hs105,8 Weeks,8 
noc22-hs106,12 Weeks,12
noc22-hs107,4 Weeks,4 
noc22-hs108,4 Weeks,4 
noc22-hs113,12 Weeks,12
noc22-hs114,12 Weeks,12
noc22-hs117,4 Weeks,4 
noc22-hs118,12 Weeks,12
noc22-hs119,12 Weeks,12
noc22-hs120,12 Weeks,12
noc22-hs121,12 Weeks,12
noc22-hs122,12 Weeks,12
noc22-hs123,8 weeks,8 
noc22-hs125,12 Weeks,12
noc22-hs126,12 Weeks,12
noc22-hs127,8 weeks,8 
noc22-hs128,12 Weeks,12
noc22-hs132,12 Weeks,12
noc22-hs133,12 Weeks,12
noc22-hs134,12 Weeks,12
noc22-hs135,8 Weeks,8 
noc22-hs136,12 Weeks,12
noc22-hs138,12 Weeks,12
noc22-hs139,12 Weeks,12
noc22-hs141,12 Weeks,12
noc22-lw01,12 Weeks,12
noc22-lw02,12 Weeks,12
noc22-lw05,12 Weeks,12
noc22-lw06,12 Weeks,12
noc22-mg57,8 Weeks,8 
noc22-mg59,12 Weeks,12
noc22-mg61,12 Weeks,12
noc22-mg62,4 weeks,4 
noc22-mg65,12 Weeks,12
noc22-mg66,12 Weeks,12
noc22-mg69,8 Weeks,8 
noc22-mg70,8 Weeks,8 
noc22-mg71,12 Weeks,12
noc22-mg72,8 Weeks,8 
noc22-mg73,8 Weeks,8 
noc22-mg74,12 Weeks,12
noc22-mg75,4 Weeks,4 
noc22-mg78,12 Weeks,12
noc22-mg80,12 Weeks,12
noc22-mg81,12 Weeks,12
noc22-mg82,12 Weeks,12
noc22-mg83,12 Weeks,12
noc22-mg85,4 weeks,4 
noc22-mg86,8 Weeks,8 
noc22-mg87,8 Weeks,8 
noc22-mg88,12 Weeks,12
noc22-mg89,8 Weeks,8 
noc22-mg90,12 Weeks,12
noc22-mg93,8 Weeks,8 
noc22-mg94,12 Weeks,12
noc22-mg95,8 Weeks,8 
noc22-mg96,4 Weeks,4 
noc22-mg97,12 Weeks,12
noc22-mg98,8 Weeks,8 
noc22-mg100,12 Weeks,12
noc22-ma38,12 Weeks,12
noc22-mg101,8 Weeks,8 
noc22-mg102,12 Weeks,12
noc22-mg103,8 Weeks,8 
noc22-mg104,12 Weeks,12
noc22-mg105,12 Weeks,12
noc22-mg107,8 Weeks,8 
noc22-mg108,12 Weeks,12
noc22-mg111,4 Weeks,4 
noc22-ma40,12 Weeks,12
noc22-ma41,12 Weeks,12
noc22-ma42,12 Weeks,12
noc22-ma43,12 Weeks,12
noc22-ma45,12 Weeks,12
noc22-ma46,12 Weeks,12
noc22-ma47,12 Weeks,12
noc22-ma51,12 Weeks,12
noc22-ma52,12 Weeks,12
noc22-ma55,12 Weeks,12
noc22-ma56,12 Weeks,12
noc22-ma57,12 Weeks,12
noc22-ma58,12 Weeks,12
noc22-ma59,12 Weeks,12
noc22-ma61,12 Weeks,12
noc22-ma63,12 Weeks,12
noc22-ma64,12 Weeks,12
noc22-ma66,12 Weeks,12
noc22-ma67,12 Weeks,12
noc22-ma68,4 Weeks,4 
noc22-ma69,12 Weeks,12
noc22-ma70,12 Weeks,12
noc22-ma71,12 Weeks,12
noc22-ma72,12 Weeks,12
noc22-ma73,12 Weeks,12
noc22-ma75,12 Weeks,12
noc22-ma76,12 Weeks,12
noc22-ma77,12 Weeks,12
noc22-ma79,12 Weeks,12
noc22-ma81,12 Weeks,12
noc22-ma82,12 Weeks,12
noc22-ma83,12 weeks,12
noc22-me70,12 Weeks,12
noc22-me71,12 Weeks,12
noc22-me74,12 Weeks,12
noc22-me75,12 Weeks,12
noc22-me80,12 Weeks,12
noc22-me83,12 Weeks,12
noc22-me84,12 Weeks,12
noc22-me87,12 Weeks,12
noc22-me88,12 Weeks,12
noc22-me89,12 Weeks,12
noc22-me90,12 Weeks,12
noc22-me92,8 Weeks,8 
noc22-me95,12 Weeks,12
noc22-me96,12 Weeks,12
noc22-me97,12 Weeks,12
noc22-me98,12 Weeks,12
noc22-me99,12 Weeks,12
noc22-me101,12 Weeks,12
noc22-me102,12 Weeks,12
noc22-me103,12 Weeks,12
noc22-me104,12 Weeks,12
noc22-me105,12 Weeks,12
noc22-me106,12 Weeks,12
noc22-me108,8 Weeks,8 
noc22-me110,12 Weeks,12
noc22-me111,12 Weeks,12
noc22-me112,12 Weeks,12
noc22-me113,12 Weeks,12
noc22-me114,12 Weeks,12
noc22-me115,12 Weeks,12
noc22-me116,12 Weeks,12
noc22-me117,12 Weeks,12
noc22-me119,8 weeks,8 
noc22-me120,12 Weeks,12
noc22-me122,12 Weeks,12
noc22-me123,12 Weeks,12
noc22-me124,8 weeks,8 
noc22-me125,12 Weeks,12
noc22-me126,8 Weeks,8 
noc22-me127,12 Weeks,12
noc22-me128,12 Weeks,12
noc22-me129,12 Weeks,12
noc22-me130,12 Weeks,12
noc22-me133,12 Weeks,12
noc22-me137,12 Weeks,12
noc22-me138,12 Weeks,12
noc22-me139,12 Weeks,12
noc22-mm25,8 Weeks,8 
noc22-mm30,4 weeks,4 
noc22-mm31,12 Weeks,12
noc22-mm32,12 Weeks,12
noc22-mm34,12 Weeks,12
noc22-mm36,12 Weeks,12
noc22-mm37,12 Weeks,12
noc22-mm38,12 Weeks,12
noc22-mm39,12 Weeks,12
noc22-mm40,12 Weeks,12
noc22-mm41,12 Weeks,12
noc22-mm42,12 Weeks,12
noc22-mm43,4 Weeks  ,4 
noc22-mm44,8 Weeks,8 
noc22-mm46,12 Weeks,12
noc22-mm47,12 Weeks,12
noc22-mm48,12 Weeks,12
noc22-mm49,8 Weeks ,8 
noc22-ge20,8 Weeks,8 
noc22-ge21,12 Weeks,12
noc22-ge22,12 Weeks,12
noc22-ge23,8 Weeks,8 
noc22-ge26,12 Weeks,12
noc22-ge27,8 Weeks,8 
noc22-ge28,12 Weeks,12
noc22-ge29,12 Weeks,12
noc22-ge30,12 Weeks,12
noc22-ge31,8 weeks,8 
noc22-oe03,12 Weeks,12
noc22-oe04,12 Weeks,12
noc22-oe06,12 Weeks,12
noc22-oe07,12 Weeks,12
noc22-ph26,12 Weeks,12
noc22-ph27,12 Weeks,12
noc22-ph28,12 Weeks,12
noc22-ph29,12 Weeks,12
noc22-ph30,12 Weeks,12
noc22-ph32,12 Weeks,12
noc22-ph33,12 Weeks,12
noc22-ph34,12 Weeks,12
noc22-ph35,12 Weeks,12
noc22-ph36,12 Weeks,12
noc22-ph37,12 Weeks,12
noc22-ph38,12 Weeks,12
noc22-ph39,12 Weeks,12
noc22-ph41,12 Weeks,12
noc22-ph43,12 Weeks,12
noc22-ph44,12 Weeks,12
noc22-ph45,12 Weeks,12
noc22-ph46,12 Weeks,12
noc22-te07,12 Weeks,12
noc22-te08,12 Weeks,12
noc22-te09,12 Weeks,12
noc22-te10,12 Weeks,12
noc22-te11,12 Weeks,12
noc22-te12,12 Weeks,12
noc22-mg113,12 Weeks,12
noc22-ce104,12 Weeks,12